Datasheets,Image,Digi-Key Part Number,Manufacturer Part Number,Manufacturer,Description,Quantity Available,Factory Stock,Unit Price (USD),@ qty,Minimum Quantity,"Series","Part Status","Core Type","Inductance Factor (Al)","Tolerance","Gap","Effective Permeability (µe)","Initial Permeability (µi)","Material","Core Factor (ΣI/A) mm<sup>1</sup>","Effective Length (le) mm","Effective Area (Ae) mm²","Minimum Core Cross Section (Amin) mm²","Effective Magnetic Volume (Ve) mm³","Finish","Supplier Device Package","Height","Length","Width","Diameter"
https://en.tdk.eu/inf/80/db/fer/e_20_10_6.pdf,//media.digikey.com/Photos/Epcos%20Photos/B66311GX187.JPG,495-5423-ND,B66311G0000X187,EPCOS (TDK),FERRITE CORE E N87 1PC,2877,0,"0.44000","0","1","B66311","Active","E","-","-","Ungapped","-","-","N87","-","-","-","-","-","Uncoated","E 20 x 10 x 6","10.00mm","20.40mm","5.90mm","-"
https://en.tdk.eu/inf/80/db/fer/e_25_13_7.pdf,//media.digikey.com/photos/Epcos%20Photos/B66317GX187.JPG,495-5430-ND,B66317G0000X187,EPCOS (TDK),FERRITE CORE E N87 1PC,1752,0,"0.59000","0","1","B66317","Active","E","-","-","Ungapped","-","-","N87","-","-","-","-","-","Uncoated","E 25 x 13 x 7","12.80mm","25.00mm","7.50mm","-"
https://en.tdk.eu/inf/80/db/fer/er_9_5_5.pdf,//media.digikey.com/Photos/Epcos%20Photos/B65523JR87.JPG,495-5110-ND,B65523J0000R087,EPCOS (TDK),FERRITE CORE ER 800NH N87 2PCS,3364,0,"0.61000","0","1","B65523","Active","ER","800nH","-20%, +30%","Ungapped","1000","2200","N87","1.54","13.6","8.81","-","120","Uncoated","ER 9.5 x 5","2.50mm","9.50mm","5.00mm","-"
https://en.tdk.eu/inf/80/db/fer/e_30_15_7.pdf,//media.digikey.com/Photos/Epcos%20Photos/B66319GX187.JPG,495-5433-ND,B66319G0000X187,EPCOS (TDK),FERRITE CORE E N87 1PC,1135,0,"0.70000","0","1","B66319","Active","E","-","-","Ungapped","-","-","N87","-","-","-","-","-","Uncoated","E 30 x 15 x 7","15.20mm","30.00mm","7.30mm","-"
https://product.tdk.com/info/en/documents/data_sheet/etd_34_17_11.pdf,//media.digikey.com/Photos/Epcos%20Photos/B66361GX187.jpg,495-5462-ND,B66361G0000X187,EPCOS (TDK),FERRITE CORE ETD N87 1PC,1139,0,"1.05000","0","1","B66361","Active","ETD","-","-","Ungapped","-","-","N87","-","-","-","-","-","Uncoated","ETD 34 x 17 x 11","17.50mm","34.00mm","11.00mm","-"
https://en.tdk.eu/inf/80/db/fer/e_42_21_15.pdf,//media.digikey.com/Photos/Epcos%20Photos/B66325GX187.jpg,495-5435-ND,B66325G0000X187,EPCOS (TDK),FERRITE CORE E N87 1PC,1479,0,"1.72000","0","1","B66325","Active","E","-","-","Ungapped","-","-","N87","-","-","-","-","-","Uncoated","E 42 x 21 x 15","21.20mm","42.00mm","15.20mm","-"
https://en.tdk.eu/inf/80/db/fer/e_55_28_21.pdf,//media.digikey.com/Photos/Epcos%20Photos/B66335GX187.jpg,495-5441-ND,B66335G0000X187,EPCOS (TDK),FERRITE CORE E N87 1PC,793,0,"3.75000","0","1","B66335","Active","E","-","-","Ungapped","-","-","N87","-","-","-","-","-","Uncoated","E 55 x 28 x 21","27.80mm","55.00mm","21.00mm","-"
https://en.tdk.eu/inf/80/db/fer/etd_59_31_22.pdf,//media.digikey.com/Photos/Epcos%20Photos/B66397GX187.jpg,495-5506-ND,B66397G0000X187,EPCOS (TDK),FERRITE CORE ETD N87 1PC,277,0,"5.09000","0","1","B66397","Active","ETD","-","-","Ungapped","-","-","N87","-","-","-","-","-","Uncoated","ETD 59 x 31 x 22","31.20mm","59.80mm","22.10mm","-"
https://product.tdk.com/info/en/documents/data_sheet/elp_64.pdf,//media.digikey.com/Photos/Epcos%20Photos/B66295GX187.jpg,495-5403-ND,B66295G0000X187,EPCOS (TDK),FERRITE CORE ELP N87 1PC,105,0,"9.15000","0","1","B66295","Active","ELP","-","-","Ungapped","-","-","N87","-","-","-","-","-","Uncoated","ELP 64 x 10 x50","10.20mm","64.00mm","50.80mm","-"
https://en.tdk.eu/inf/80/db/fer/e_70_33_32.pdf,//media.digikey.com/Photos/Epcos%20Photos/B66371GX187.JPG,495-5492-ND,B66371G0000X187,EPCOS (TDK),FERRITE CORE E N87 1PC,143,0,"9.84000","0","1","B66371","Active","E","-","-","Ungapped","-","-","N87","-","-","-","-","-","Uncoated","E 70 x 33 x 32","33.20mm","70.50mm","32.00mm","-"
https://en.tdk.eu/inf/80/db/fer/e_20_10_6.pdf,//media.digikey.com/Photos/Epcos%20Photos/B66311GX130.jpg,495-5422-ND,B66311G0000X130,EPCOS (TDK),FERRITE CORE E N30 1PC,1828,0,"0.49000","0","1","B66311","Active","E","-","-","Ungapped","-","-","N30","-","-","-","-","-","Uncoated","E 20 x 10 x 6","10.00mm","20.40mm","5.90mm","-"
https://en.tdk.eu/inf/80/db/fer/e_5.pdf,//media.digikey.com/photos/Epcos%20Photos/B66303GX187.JPG,495-5406-ND,B66303G0000X187,EPCOS (TDK),FERRITE CORE E N87 1PC,11484,0,"0.51000","0","1","B66303","Active","E","-","-","Ungapped","-","-","N87","-","-","-","-","-","Uncoated","E5","2.65mm","5.25mm","2.00mm","-"
https://en.tdk.eu/inf/80/db/fer/e_6_3.pdf,//media.digikey.com/Photos/Epcos%20Photos/B66300GX138.JPG,495-5404-ND,B66300G0000X138,EPCOS (TDK),FERRITE CORE E T38 1PC,1958,0,"0.56000","0","1","B66300","Active","E","-","-","Ungapped","-","-","T38","-","-","-","-","-","Uncoated","E 6 x 3","2.90mm","6.30mm","2.00mm","-"
https://en.tdk.eu/inf/80/db/fer/e_8_8.pdf,//media.digikey.com/Photos/Epcos%20Photos/B66302GX187.JPG,495-5405-ND,B66302G0000X187,EPCOS (TDK),FERRITE CORE E N87 1PC,3561,0,"0.64000","0","1","B66302","Active","E","-","-","Ungapped","-","-","N87","-","-","-","-","-","Uncoated","E 8 x 8","4.10mm","9.00mm","2.00mm","-"
https://product.tdk.com/info/en/documents/data_sheet/ep_7.pdf,//media.digikey.com/Photos/Epcos%20Photos/B65839AR87.JPG,495-5311-ND,B65839A0000R087,EPCOS (TDK),FERRITE CORE EP 1.1UH N87 2PCS,2146,0,"0.66000","0","1","B65839","Active","EP","1.1µH","-20%, +30%","Ungapped","1330","2200","N87","1.52","15.7","10.3","8.5","162","Uncoated","EP 7","3.75mm","9.40mm","6.50mm","-"
https://product.tdk.com/info/en/documents/data_sheet/ep_10.pdf,//media.digikey.com/Photos/Epcos%20Photos/B65841AR87.JPG,495-5313-ND,B65841A0000R087,EPCOS (TDK),FERRITE CORE EP 1.1UH N87 2PCS,2056,0,"0.67000","0","1","B65841","Active","EP","1.1µH","-20%, +30%","Ungapped","1480","2200","N87","1.7","19.2","11.3","8.5","217","Uncoated","EP 10","5.20mm","11.80mm","7.85mm","-"
https://product.tdk.com/info/en/documents/data_sheet/etd_44_22_15.pdf,//media.digikey.com/Photos/Epcos%20Photos/B66365GX197.jpg,495-5479-ND,B66365G0000X197,EPCOS (TDK),FERRITE CORE ETD N97 1PC,286,0,"2.71000","0","1","B66365","Active","ETD","-","-","Ungapped","-","-","N97","-","-","-","-","-","Uncoated","ETD 44 x 22 x 15","22.50mm","43.80mm","15.20mm","-"
https://product.tdk.com/info/en/documents/data_sheet/etd_54_28_19.pdf,//media.digikey.com/Photos/Epcos%20Photos/B66395GX187.jpg,495-5501-ND,B66395G0000X187,EPCOS (TDK),FERRITE CORE ETD N87 1PC,168,0,"3.47000","0","1","B66395","Active","ETD","-","-","Ungapped","-","-","N87","-","-","-","-","-","Uncoated","ETD 54 x 28 x 19","27.80mm","54.50mm","19.30mm","-"
https://en.tdk.eu/inf/80/db/fer/e_55_28_25.pdf,//media.digikey.com/Photos/Epcos%20Photos/B66344GX187.JPG,495-5446-ND,B66344G0000X187,EPCOS (TDK),FERRITE CORE E N87 1PC,400,0,"5.16000","0","1","B66344","Active","E","-","-","Ungapped","-","-","N87","-","-","-","-","-","Uncoated","E 55 x 28 x 25","27.80mm","55.00mm","25.00mm","-"
https://product.tdk.com/info/en/documents/data_sheet/ep_10.pdf,//media.digikey.com/Photos/Epcos%20Photos/B65841AY38.JPG,495-5314-ND,B65841A0000Y038,EPCOS (TDK),FERRITE CORE EP 4.8UH T38 2PCS,1672,0,"1.19000","0","1","B65841","Active","EP","4.8µH","-30%, +40%","Ungapped","6490","2300","T38","1.7","19.2","11.3","8.5","217","Uncoated","EP 10","5.20mm","11.80mm","7.85mm","-"
https://product.tdk.com/info/en/documents/data_sheet/eq_13.pdf,-,495-75506-ND,B66479G0000X192,EPCOS (TDK),FERRITE CORE EQ N92 1PC,1840,0,"0.65000","0","1","B66479","Active","EQ","-","-","Ungapped","-","-","N92","-","-","-","-","-","Uncoated","EQ 13 x 3","2.85mm","12.80mm","8.70mm","-"
https://product.tdk.com/info/en/documents/data_sheet/er_18_3_10.pdf,-,495-75510-ND,B66480G0000X187,EPCOS (TDK),FERRITE CORE ER N87 1PC,2325,0,"0.67000","0","1","B66480","Active","ER","-","-","Ungapped","-","-","N87","-","-","-","-","-","Uncoated","ER 18 x 3 x 10","3.15mm","18.00mm","9.70mm","-"
//media.digikey.com/pdf/Data%20Sheets/TDK%20PDFs/B66281G_K_Series.pdf,-,495-75470-ND,B66281G0000X149,EPCOS (TDK),FERRITE CORE ELP N49 1PC,2183,0,"0.67000","0","1","B66281","Active","ELP","-","-","Ungapped","-","-","N49","-","-","-","-","-","Uncoated","ELP 14 x 3.5 x 5","3.50mm","14.00mm","5.00mm","-"
https://product.tdk.com/info/en/documents/data_sheet/eq_13.pdf,-,495-75508-ND,B66479G0000X197,EPCOS (TDK),FERRITE CORE EQ N97 1PC,1990,0,"0.68000","0","1","B66479","Active","EQ","-","-","Ungapped","-","-","N97","-","-","-","-","-","Uncoated","EQ 13 x 3","2.85mm","12.80mm","8.70mm","-"
https://en.tdk.eu/inf/80/db/fer/er_9_5_5.pdf,-,495-75468-ND,B65523J0000R092,EPCOS (TDK),FERRITE CORE ER 660NH N92 2PCS,5131,0,"0.78000","0","1","B65523","Active","ER","660nH","-20%, +30%","Ungapped","811","1500","N92","1.54","13.6","8.81","-","120","Uncoated","ER 9.5 x 5","2.50mm","9.50mm","5.00mm","-"
https://en.tdk.eu/inf/80/db/fer/er_9_5_5.pdf,-,495-75469-ND,B65523J0000R097,EPCOS (TDK),FERRITE CORE ER 840NH N97 2PCS,1970,0,"0.78000","0","1","B65523","Active","ER","840nH","-20%, +30%","Ungapped","1032","2300","N97","1.54","13.6","8.81","-","120","Uncoated","ER 9.5 x 5","2.50mm","9.50mm","5.00mm","-"
https://product.tdk.com/info/en/documents/data_sheet/eq_20.pdf,-,495-75525-ND,B66483G0000X187,EPCOS (TDK),FERRITE CORE EQ N87 1PC,1089,0,"0.84000","0","1","B66483","Active","EQ","-","-","Ungapped","-","-","N87","-","-","-","-","-","Uncoated","EQ 20 x 6","6.30mm","20.00mm","14.00mm","-"
https://product.tdk.com/info/en/documents/data_sheet/er_18_3_10.pdf,-,495-75511-ND,B66480G0000X192,EPCOS (TDK),FERRITE CORE ER N92 1PC,2395,0,"0.91000","0","1","B66480","Active","ER","-","-","Ungapped","-","-","N92","-","-","-","-","-","Uncoated","ER 18 x 3 x 10","3.15mm","18.00mm","9.70mm","-"
https://product.tdk.com/info/en/documents/data_sheet/er_18_3_10.pdf,-,495-75512-ND,B66480G0000X197,EPCOS (TDK),FERRITE CORE ER N97 1PC,2326,0,"0.91000","0","1","B66480","Active","ER","-","-","Ungapped","-","-","N97","-","-","-","-","-","Uncoated","ER 18 x 3 x 10","3.15mm","18.00mm","9.70mm","-"
https://product.tdk.com/info/en/documents/data_sheet/er_18_3_10.pdf,-,495-75509-ND,B66480G0000X149,EPCOS (TDK),FERRITE CORE ER N49 1PC,1928,0,"0.91000","0","1","B66480","Active","ER","-","-","Ungapped","-","-","N49","-","-","-","-","-","Uncoated","ER 18 x 3 x 10","3.15mm","18.00mm","9.70mm","-"
https://en.tdk.eu/inf/80/db/fer/etd_29_16_10.pdf,-,495-75921-ND,B66358G0000X197,EPCOS (TDK),FERRITE CORE ETD N97 1PC,1176,0,"1.10000","0","1","B66358","Active","ETD","-","-","Ungapped","-","-","N97","-","-","-","-","-","Uncoated","ETD 29 x 16 x 10","16.00mm","30.60mm","9.80mm","-"
https://product.tdk.com/info/en/documents/data_sheet/eq_20.pdf,//media.digikey.com/Photos/Epcos%20Photos/B66483GX197.JPG,495-75214-ND,B66483G0000X197,EPCOS (TDK),FERRITE CORE EQ N97 1PC,2213,0,"1.17000","0","1","B66483","Active","EQ","-","-","Ungapped","-","-","N97","-","-","-","-","-","Uncoated","EQ 20 x 6","6.30mm","20.00mm","14.00mm","-"
https://product.tdk.com/info/en/documents/data_sheet/eq_20.pdf,-,495-75526-ND,B66483G0000X192,EPCOS (TDK),FERRITE CORE EQ N92 1PC,1190,0,"1.17000","0","1","B66483","Active","EQ","-","-","Ungapped","-","-","N92","-","-","-","-","-","Uncoated","EQ 20 x 6","6.30mm","20.00mm","14.00mm","-"
https://product.tdk.com/info/en/documents/data_sheet/eq_20.pdf,-,495-75524-ND,B66483G0000X149,EPCOS (TDK),FERRITE CORE EQ N49 1PC,1150,0,"1.17000","0","1","B66483","Active","EQ","-","-","Ungapped","-","-","N49","-","-","-","-","-","Uncoated","EQ 20 x 6","6.30mm","20.00mm","14.00mm","-"
https://product.tdk.com/info/en/documents/data_sheet/elp_22.pdf,-,495-75493-ND,B66455G0000X149,EPCOS (TDK),FERRITE CORE ELP N49 1PC,1770,0,"1.26000","0","1","B66455","Active","ELP","-","-","Ungapped","-","-","N49","-","-","-","-","-","Uncoated","ELP 22 x 6 x 16","5.70mm","21.80mm","15.80mm","-"
https://product.tdk.com/info/en/documents/data_sheet/er_32_5_21.pdf,//media.digikey.com/Photos/Epcos%20Photos/B66501G0000X187.jpg,495-75541-ND,B66501G0000X187,EPCOS (TDK),FERRITE CORE ER N87 1PC,3246,0,"1.49000","0","1","B66501","Active","ER","-","-","Ungapped","-","-","N87","-","-","-","-","-","Uncoated","ER 32 x 5 x 21","5.10mm","32.00mm","21.00mm","-"
https://product.tdk.com/info/en/documents/data_sheet/elp_43.pdf,-,495-75501-ND,B66461G0000X187,EPCOS (TDK),FERRITE CORE ELP N87 1PC,181,0,"2.82000","0","1","B66461","Active","ELP","-","-","Ungapped","-","-","N87","-","-","-","-","-","Uncoated","ELP 43 x 10 x 28","9.50mm","43.20mm","27.90mm","-"
https://product.tdk.com/info/en/documents/data_sheet/elp_38.pdf,-,495-75480-ND,B66289G0000X149,EPCOS (TDK),FERRITE CORE ELP N49 1PC,435,0,"3.13000","0","1","B66289","Active","ELP","-","-","Ungapped","-","-","N49","-","-","-","-","-","Uncoated","ELP 38 x 8 x 25","8.25mm","38.10mm","25.40mm","-"
https://product.tdk.com/info/en/documents/data_sheet/elp_43.pdf,-,495-75446-ND,B66291G0000X197,EPCOS (TDK),FERRITE CORE ELP N87,238,0,"3.43000","0","1","B66291","Active","ELP","-","-","Ungapped","-","-","N49","-","-","-","-","-","Uncoated","ELP 43 x 10 x 28","9.50mm","43.20mm","27.90mm","-"
https://product.tdk.com/info/en/documents/data_sheet/elp_43.pdf,-,495-75502-ND,B66461G0000X192,EPCOS (TDK),FERRITE CORE ELP N92 1PC,336,0,"3.59000","0","1","B66461","Active","ELP","-","-","Ungapped","-","-","N92","-","-","-","-","-","Uncoated","ELP 43 x 10 x 28","9.50mm","43.20mm","27.90mm","-"
https://product.tdk.com/info/en/documents/data_sheet/elp_43.pdf,-,495-75503-ND,B66461G0000X195,EPCOS (TDK),FERRITE CORE ELP N95 1PC,290,0,"3.59000","0","1","B66461","Active","ELP","-","-","Ungapped","-","-","N95","-","-","-","-","-","Uncoated","ELP 43 x 10 x 28","9.50mm","43.20mm","27.90mm","-"
https://product.tdk.com/info/en/documents/data_sheet/elp_102.pdf,-,495-75449-ND,B66297G0000X187,EPCOS (TDK),FERRITE CORE ELP N87,136,0,"9.95000","0","1","B66297","Active","ELP","-","±25%","Ungapped","-","-","N87","-","-","-","-","-","Uncoated","ELP 102 x 20 x 38","20.3mm","102.00mm","37.50mm","-"
https://product.tdk.com/info/en/documents/data_sheet/elp_64.pdf,//media.digikey.com/Photos/Epcos%20Photos/B66295GX187.jpg,495-75485-ND,B66295G0000X149,EPCOS (TDK),FERRITE CORE ELP N49 1PC,202,0,"11.63000","0","1","B66295","Active","ELP","-","-","Ungapped","-","-","N49","-","-","-","-","-","Uncoated","ELP 64 x 10 x50","10.20mm","64.00mm","50.80mm","-"
https://en.tdk.eu/inf/80/db/fer/e_13_7_4.pdf,//media.digikey.com/Photos/Epcos%20Photos/B66305GX187.JPG,495-5408-ND,B66305G0000X187,EPCOS (TDK),FERRITE CORE E N87 1PC,380,0,"0.32000","0","1","B66305","Active","E","-","-","Ungapped","-","-","N87","-","-","-","-","-","Uncoated","E 13 x 7 x 4","6.50mm","12.60mm","3.70mm","-"
https://product.tdk.com/info/en/documents/data_sheet/ep_13.pdf,//media.digikey.com/Photos/Epcos%20Photos/B65843AR87.JPG,495-5317-ND,B65843A0000R087,EPCOS (TDK),FERRITE CORE EP 1.6UH N87 2PCS,282,0,"0.63000","0","1","B65843A","Active","EP","1.6µH","-20%, +30%","Ungapped","1580","2200","N87","1.24","24.2","19.5","14.9","472","Uncoated","EP 13","6.50mm","12.80mm","9.00mm","-"
https://en.tdk.eu/inf/80/db/fer/etd_29_16_10.pdf,//media.digikey.com/Photos/Epcos%20Photos/B66358GX187.JPG,495-5451-ND,B66358G0000X187,EPCOS (TDK),FERRITE CORE ETD N87 1PC,768,0,"0.83000","0","1","B66358","Active","ETD","-","-","Ungapped","-","-","N87","-","-","-","-","-","Uncoated","ETD 29 x 16 x 10","16.00mm","30.60mm","9.80mm","-"
https://en.tdk.eu/inf/80/db/fer/e_32_16_9.pdf,//media.digikey.com/photos/Epcos%20Photos/B66229GX187.JPG,495-5376-ND,B66229G0000X187,EPCOS (TDK),FERRITE CORE E N87 1PC,276,0,"0.87000","0","1","B66229","Active","E","-","-","Ungapped","-","-","N87","-","-","-","-","-","Uncoated","E 32 x 16 x 9","16.40mm","32.00mm","9.50mm","-"
https://product.tdk.com/info/en/documents/data_sheet/elp_22.pdf,//media.digikey.com/Photos/Epcos%20Photos/B66285GX187.jpg,495-5391-ND,B66285G0000X187,EPCOS (TDK),FERRITE CORE ELP N87 1PC,902,0,"1.07000","0","1","B66285","Active","ELP","-","-","Ungapped","-","-","N87","-","-","-","-","-","Uncoated","ELP 22 x 6 x 16","5.70mm","21.80mm","15.80mm","-"
https://product.tdk.com/info/en/documents/data_sheet/elp_22.pdf,//media.digikey.com/Photos/Epcos%20Photos/B66285GX149.jpg,495-5390-ND,B66285G0000X149,EPCOS (TDK),FERRITE CORE ELP N49 1PC,527,0,"1.36000","0","1","B66285","Active","ELP","-","-","Ungapped","-","-","N49","-","-","-","-","-","Uncoated","ELP 22 x 6 x 16","5.70mm","21.80mm","15.80mm","-"
https://product.tdk.com/info/en/documents/data_sheet/etd_44_22_15.pdf,//media.digikey.com/Photos/Epcos%20Photos/B66365GX187.JPG,495-5478-ND,B66365G0000X187,EPCOS (TDK),FERRITE CORE ETD N87 1PC,458,0,"2.06000","0","1","B66365","Active","ETD","-","-","Ungapped","-","-","N87","-","-","-","-","-","Uncoated","ETD 44 x 22 x 15","22.50mm","43.80mm","15.20mm","-"
https://en.tdk.eu/inf/80/db/fer/e_65_32_27.pdf,//media.digikey.com/Photos/Epcos%20Photos/B66387GX187.jpg,495-5497-ND,B66387G0000X187,EPCOS (TDK),FERRITE CORE E N87 1PC,64,0,"5.92000","0","1","B66387","Active","E","-","-","Ungapped","-","-","N87","-","-","-","-","-","Uncoated","E 65 x 32 x 27","32.80mm","65.00mm","27.40mm","-"
https://en.tdk.eu/inf/80/db/fer/etd_59_31_22.pdf,//media.digikey.com/Photos/Epcos%20Photos/B66397GX197.JPG,495-5507-ND,B66397G0000X197,EPCOS (TDK),FERRITE CORE ETD N97 1PC,42,0,"6.75000","0","1","B66397","Active","ETD","-","-","Ungapped","-","-","N97","-","-","-","-","-","Uncoated","ETD 59 x 31 x 22","31.20mm","59.80mm","22.10mm","-"
https://product.tdk.com/info/en/documents/data_sheet/ep_13.pdf,//media.digikey.com/Photos/Epcos%20Photos/B65843AR30.JPG,495-5316-ND,B65843A0000R030,EPCOS (TDK),FERRITE CORE EP 2.8UH N30 2PCS,500,0,"0.67000","0","1","B65843A","Active","EP","2.8µH","-20%, +30%","Ungapped","2765","4300","N30","1.24","24.2","19.5","14.9","472","Uncoated","EP 13","6.50mm","12.80mm","9.00mm","-"
https://en.tdk.eu/inf/80/db/fer/e_32_16_11.pdf,//media.digikey.com/Photos/Epcos%20Photos/B66233GX187.jpg,495-5382-ND,B66233G0000X187,EPCOS (TDK),FERRITE CORE E N87 1PC,290,0,"1.08000","0","1","B66233","Active","E","-","-","Ungapped","-","-","N87","-","-","-","-","-","Uncoated","E 32 x 16 x 11","16.40mm","32.00mm","11.00mm","-"
https://product.tdk.com/info/en/documents/data_sheet/ep_13.pdf,//media.digikey.com/Photos/Epcos%20Photos/B65843AY38.JPG,495-5318-ND,B65843A0000Y038,EPCOS (TDK),FERRITE CORE EP 7UH T38 2PCS,990,0,"1.23000","0","1","B65843A","Active","EP","7µH","-30%, +40%","Ungapped","6910","10000","T38","1.24","24.2","19.5","14.9","472","Uncoated","EP 13","6.50mm","12.80mm","9.00mm","-"
https://en.tdk.eu/inf/80/db/fer/e_36_18_11.pdf,//media.digikey.com/Photos/Epcos%20Photos/B66389GX187.JPG,495-5499-ND,B66389G0000X187,EPCOS (TDK),FERRITE CORE E N87 1PC,544,0,"1.61000","0","1","B66389","Active","E","-","-","Ungapped","-","-","N87","-","-","-","-","-","Uncoated","E 36 x 18 x 11","18.00mm","36.00mm","11.50mm","-"
https://product.tdk.com/info/en/documents/data_sheet/ep_20.pdf,//media.digikey.com/Photos/Epcos%20Photos/B65847AR87.JPG,495-5325-ND,B65847A0000R087,EPCOS (TDK),FERRITE CORE EP 4UH N87 2PCS,305,0,"1.98000","0","1","B65847","Active","EP","4µH","-20%, +30%","Ungapped","1630","2200","N87","0.51","40","78","60","3120","Uncoated","EP 20","10.80mm","24.50mm","15.30mm","-"
https://product.tdk.com/info/en/documents/data_sheet/etd_39_20_13.pdf,//media.digikey.com/Photos/Epcos%20Photos/B66363-SERIES.jpg,495-5470-ND,B66363G0000X197,EPCOS (TDK),FERRITE CORE ETD N97 1PC,267,0,"1.98000","0","1","B66363","Active","ETD","-","-","Ungapped","-","-","N97","-","-","-","-","-","Uncoated","ETD 39 x 20 x 13","20.00mm","38.90mm","12.80mm","-"
https://product.tdk.com/info/en/documents/data_sheet/etd_54_28_19.pdf,//media.digikey.com/Photos/Epcos%20Photos/B66395GX197.jpg,495-5502-ND,B66395G0000X197,EPCOS (TDK),FERRITE CORE ETD N97 1PC,89,0,"4.38000","0","1","B66395","Active","ETD","-","-","Ungapped","-","-","N97","-","-","-","-","-","Uncoated","ETD 54 x 28 x 19","27.80mm","54.50mm","19.30mm","-"
https://en.tdk.eu/inf/80/db/fer/e_30_15_7.pdf,//media.digikey.com/photos/Epcos%20Photos/B66319GX130.JPG,495-5432-ND,B66319G0000X130,EPCOS (TDK),FERRITE CORE E N30 1PC,445,0,"0.75000","0","1","B66319","Active","E","-","-","Ungapped","-","-","N30","-","-","-","-","-","Uncoated","E 30 x 15 x 7","15.20mm","30.00mm","7.30mm","-"
https://product.tdk.com/info/en/documents/data_sheet/ep_7.pdf,//media.digikey.com/Photos/Epcos%20Photos/B65839AY38.JPG,495-5312-ND,B65839A0000Y038,EPCOS (TDK),FERRITE CORE EP 5.2UH T38 2PCS,194,0,"1.04000","0","1","B65839","Active","EP","5.2µH","-30%, +40%","Ungapped","6310","10000","T38","1.52","15.7","10.3","8.5","162","Uncoated","EP 7","3.75mm","9.40mm","6.50mm","-"
https://product.tdk.com/info/en/documents/data_sheet/ep_20.pdf,//media.digikey.com/Photos/Epcos%20Photos/B65847AR30.JPG,495-5324-ND,B65847A0000R030,EPCOS (TDK),FERRITE CORE EP 6.7UH N30 2PCS,381,0,"2.32000","0","1","B65847","Active","EP","6.7µH","-20%, +30%","Ungapped","2730","5200","N30","0.51","40","78","60","3120","Uncoated","EP 20","10.80mm","24.50mm","15.30mm","-"
//media.digikey.com/pdf/Data%20Sheets/TDK%20PDFs/PC44ER9.5_5-Z_Spec.pdf,-,445-175083-ND,PC44ER9.5/5-Z,TDK Corporation,FERRITE CORE FOR SWITCHING POWER,900,0,"0.47000","0","1","-","Active","ER","-","-","Ungapped","-","-","PC44","1.68","14.2","8.47","-","120","Uncoated","ER 9.5 x 5","4.90mm","9.35mm","-","-"
//media.digikey.com/pdf/Data%20Sheets/TDK%20PDFs/H5C2ER9.5_5-Z_Spec.pdf,-,445-175082-ND,H5C2ER9.5/5-Z,TDK Corporation,FERRITE CORE FOR TELECOMMUNICATI,835,0,"0.50000","0","1","-","Active","ER","-","-","Ungapped","-","-","H5C2","-","-","-","-","-","Uncoated","ER 9.5 x 5","5.00mm","9.50mm","5.00mm","-"
https://product.tdk.com/info/en/documents/data_sheet/elp_18.pdf,-,495-75471-ND,B66283G0000X197,EPCOS (TDK),FERRITE CORE ELP N97 1PC,556,0,"0.64000","0","1","B66283","Active","ELP","-","-","Ungapped","-","-","N97","-","-","-","-","-","Uncoated","ELP 18 x 4 x 10","4.00mm","18.00mm","10.00mm","-"
https://product.tdk.com/info/en/documents/data_sheet/elp_18.pdf,-,495-75490-ND,B66453G0000X187,EPCOS (TDK),FERRITE CORE ELP N87 1PC,440,0,"0.64000","0","1","B66453","Active","ELP","-","-","Ungapped","-","-","N87","-","-","-","-","-","Uncoated","ELP 18 x 4 x 10","4.00mm","18.00mm","10.00mm","-"
https://product.tdk.com/info/en/documents/data_sheet/elp_18.pdf,-,495-75473-ND,B66283G0000X192,EPCOS (TDK),FERRITE CORE ELP N92 1PC,974,0,"0.73000","0","1","B66283","Active","ELP","-","-","Ungapped","-","-","N92","-","-","-","-","-","Uncoated","ELP 18 x 4 x 10","4.00mm","18.00mm","10.00mm","-"
https://product.tdk.com/info/en/documents/data_sheet/elp_18.pdf,-,495-75492-ND,B66453G0000X197,EPCOS (TDK),FERRITE CORE ELP N97 1PC,971,0,"0.79000","0","1","B66453","Active","ELP","-","-","Ungapped","-","-","N97","-","-","-","-","-","Uncoated","ELP 18 x 4 x 10","4.00mm","18.00mm","10.00mm","-"
https://product.tdk.com/info/en/documents/data_sheet/elp_18.pdf,-,495-75489-ND,B66453G0000X149,EPCOS (TDK),FERRITE CORE ELP N49 1PC,843,0,"0.79000","0","1","B66453","Active","ELP","-","-","Ungapped","-","-","N49","-","-","-","-","-","Uncoated","ELP 18 x 4 x 10","4.00mm","18.00mm","10.00mm","-"
https://product.tdk.com/info/en/documents/data_sheet/elp_18.pdf,-,495-75491-ND,B66453G0000X192,EPCOS (TDK),FERRITE CORE ELP N92 1PC,835,0,"0.79000","0","1","B66453","Active","ELP","-","-","Ungapped","-","-","N92","-","-","-","-","-","Uncoated","ELP 18 x 4 x 10","4.00mm","18.00mm","10.00mm","-"
//media.digikey.com/pdf/Data%20Sheets/TDK%20PDFs/PC44EPC13-Z_Spec.pdf,//media.digikey.com/Photos/TDK%20Photos/PC44EPC13-Z.jpg,445-175084-ND,PC44EPC13-Z,TDK Corporation,FERRITE CORE FOR SWITCHING POWER,800,0,"0.85000","0","1","-","Active","EPC","-","±25%","Ungapped","-","-","PC44","2.45","30.6","12.5","-","382","Uncoated","EPC 13","6.60mm","13.25mm","4.60mm","-"
https://en.tdk.eu/inf/80/db/fer/er_11_5.pdf,-,495-75894-ND,B65525J0000R097,EPCOS (TDK),FERRITE CORE ER 1.2UH N97 2PCS,826,0,"0.89000","0","1","B65525","Active","ER","1.2µH","-20%, +30%","Ungapped","1086","2300","N97","1.1","14.1","12.4","-","174","Uncoated","ER 11 x 5","2.50mm","11.00mm","6.00mm","-"
https://product.tdk.com/info/en/documents/data_sheet/elp_22.pdf,-,495-75494-ND,B66455G0000X187,EPCOS (TDK),FERRITE CORE ELP N87 1PC,565,0,"0.99000","0","1","B66455","Active","ELP","-","-","Ungapped","-","-","N87","-","-","-","-","-","Uncoated","ELP 22 x 6 x 16","5.70mm","21.80mm","15.80mm","-"
https://product.tdk.com/info/en/documents/data_sheet/er_14_5_6.pdf,-,495-75465-ND,B65513J0000R049,EPCOS (TDK),FERRITE CORE ER 1.1UH N49 2PCS,799,0,"1.17000","0","1","B65513","Active","ER","1.1µH","-20%, +30%","Ungapped","800","1500","N49","1.1","19","17.6","-","333","Uncoated","ER 14.5 x 6","2.95mm","14.50mm","6.70mm","-"
https://product.tdk.com/info/en/documents/data_sheet/er_25_6_15.pdf,//media.digikey.com/Photos/Epcos%20Photos/B66484G0000X187.JPG,495-75534-ND,B66484G0000X187,EPCOS (TDK),FERRITE CORE ER N87 1PC,779,0,"1.17000","0","1","B66484","Active","ER","-","-","Ungapped","-","-","N87","-","-","-","-","-","Uncoated","ER 25 x 6 x 15","5.50mm","25.00mm","14.80mm","-"
https://product.tdk.com/info/en/documents/data_sheet/elp_22.pdf,-,495-75495-ND,B66455G0000X192,EPCOS (TDK),FERRITE CORE ELP N92 1PC,574,0,"1.26000","0","1","B66455","Active","ELP","-","-","Ungapped","-","-","N92","-","-","-","-","-","Uncoated","ELP 22 x 6 x 16","5.70mm","21.80mm","15.80mm","-"
https://en.tdk.eu/inf/80/db/fer/er_23_5_13.pdf,-,495-75517-ND,B66482G0000X187,EPCOS (TDK),FERRITE CORE ER N87 1PC,864,0,"1.27000","0","1","B66482","Active","ER","-","-","Ungapped","-","-","N87","-","-","-","-","-","Uncoated","ER 23 x 5 x 13","5.10mm","23.20mm","12.50mm","-"
https://product.tdk.com/info/en/documents/data_sheet/eq_25.pdf,-,495-75513-ND,B66481G0000X192,EPCOS (TDK),FERRITE CORE EQ N92 1PC,324,0,"1.27000","0","1","B66481","Active","EQ","-","-","Ungapped","-","-","N92","-","-","-","-","-","Uncoated","EQ 25 x 6","5.60mm","25.00mm","18.00mm","-"
https://product.tdk.com/info/en/documents/data_sheet/elp_22.pdf,-,495-75475-ND,B66285G0000X197,EPCOS (TDK),FERRITE CORE ELP N97 1PC,622,0,"1.36000","0","1","B66285","Active","ELP","-","-","Ungapped","-","-","N97","-","-","-","-","-","Uncoated","ELP 22 x 6 x 16","5.70mm","21.80mm","15.80mm","-"
https://product.tdk.com/info/en/documents/data_sheet/elp_22.pdf,-,495-75474-ND,B66285G0000X192,EPCOS (TDK),FERRITE CORE ELP N92 1PC,569,0,"1.36000","0","1","B66285","Active","ELP","-","-","Ungapped","-","-","N92","-","-","-","-","-","Uncoated","ELP 22 x 6 x 16","5.70mm","21.80mm","15.80mm","-"
https://product.tdk.com/info/en/documents/data_sheet/er_25_6_15.pdf,-,495-75533-ND,B66484G0000X149,EPCOS (TDK),FERRITE CORE ER N49 1PC,599,0,"1.44000","0","1","B66484","Active","ER","-","-","Ungapped","-","-","N49","-","-","-","-","-","Uncoated","ER 25 x 6 x 15","5.50mm","25.00mm","14.80mm","-"
https://product.tdk.com/info/en/documents/data_sheet/er_25_6_15.pdf,-,495-75535-ND,B66484G0000X192,EPCOS (TDK),FERRITE CORE ER N92 1PC,450,0,"1.44000","0","1","B66484","Active","ER","-","-","Ungapped","-","-","N92","-","-","-","-","-","Uncoated","ER 25 x 6 x 15","5.50mm","25.00mm","14.80mm","-"
https://product.tdk.com/info/en/documents/data_sheet/elp_32.pdf,-,495-75497-ND,B66457G0000X187,EPCOS (TDK),FERRITE CORE ELP N87 1PC,240,0,"1.44000","0","1","B66457","Active","ELP","-","-","Ungapped","-","-","N87","-","-","-","-","-","Uncoated","ELP 32 x 6 x 20","6.35mm","31.75mm","20.35mm","-"
https://product.tdk.com/info/en/documents/data_sheet/er_25_6_15.pdf,-,495-75536-ND,B66484G0000X197,EPCOS (TDK),FERRITE CORE ER N97 1PC,30,0,"1.44000","0","1","B66484","Active","ER","-","-","Ungapped","-","-","N97","-","-","-","-","-","Uncoated","ER 25 x 6 x 15","5.50mm","25.00mm","14.80mm","-"
https://en.tdk.eu/inf/80/db/fer/er_23_5_13.pdf,-,495-75518-ND,B66482G0000X192,EPCOS (TDK),FERRITE CORE ER N92 1PC,529,0,"1.56000","0","1","B66482","Active","ER","-","-","Ungapped","-","-","N92","-","-","-","-","-","Uncoated","ER 23 x 5 x 13","5.10mm","23.20mm","12.50mm","-"
https://en.tdk.eu/inf/80/db/fer/er_23_5_13.pdf,-,495-75519-ND,B66482G0000X197,EPCOS (TDK),FERRITE CORE ER N97 1PC,504,0,"1.56000","0","1","B66482","Active","ER","-","-","Ungapped","-","-","N97","-","-","-","-","-","Uncoated","ER 23 x 5 x 13","5.10mm","23.20mm","12.50mm","-"
https://product.tdk.com/info/en/documents/data_sheet/elp_32.pdf,-,495-75459-ND,B66457G0000X149,EPCOS (TDK),FERRITE CORE ELP N49,503,0,"1.56000","0","1","B66457","Active","ELP","-","-","Ungapped","-","-","N49","-","-","-","-","-","Uncoated","ELP 32 x 6 x 20","6.35mm","31.75mm","20.35mm","-"
https://en.tdk.eu/inf/80/db/fer/er_23_5_13.pdf,-,495-75516-ND,B66482G0000X149,EPCOS (TDK),FERRITE CORE ER N49 1PC,394,0,"1.56000","0","1","B66482","Active","ER","-","-","Ungapped","-","-","N49","-","-","-","-","-","Uncoated","ER 23 x 5 x 13","5.10mm","23.20mm","12.50mm","-"
https://product.tdk.com/info/en/documents/data_sheet/elp_32.pdf,-,495-75478-ND,B66287G0000X195,EPCOS (TDK),FERRITE CORE ELP N95 1PC,606,0,"1.64000","0","1","B66287","Active","ELP","-","-","Ungapped","-","-","N95","-","-","-","-","-","Uncoated","ELP 32 x 6 x 20","6.35mm","31.75mm","20.35mm","-"
https://product.tdk.com/info/en/documents/data_sheet/elp_32.pdf,-,495-75477-ND,B66287G0000X192,EPCOS (TDK),FERRITE CORE ELP N92 1PC,288,0,"1.64000","0","1","B66287","Active","ELP","-","-","Ungapped","-","-","N92","-","-","-","-","-","Uncoated","ELP 32 x 6 x 20","6.35mm","31.75mm","20.35mm","-"
https://product.tdk.com/info/en/documents/data_sheet/elp_32.pdf,//media.digikey.com/Photos/Epcos%20Photos/B66287G0000X197.jpg,495-75479-ND,B66287G0000X197,EPCOS (TDK),FERRITE CORE ELP N97 1PC,269,0,"1.64000","0","1","B66287","Active","ELP","-","-","Ungapped","-","-","N97","-","-","-","-","-","Uncoated","ELP 32 x 6 x 20","6.35mm","31.75mm","20.35mm","-"
https://product.tdk.com/info/en/documents/data_sheet/elp_32.pdf,-,495-75498-ND,B66457G0000X197,EPCOS (TDK),FERRITE CORE ELP N97 1PC,304,0,"1.83000","0","1","B66457","Active","ELP","-","-","Ungapped","-","-","N97","-","-","-","-","-","Uncoated","ELP 32 x 6 x 20","6.35mm","31.75mm","20.35mm","-"
https://product.tdk.com/info/en/documents/data_sheet/eq_30.pdf,-,495-75544-ND,B66506G0000X149,EPCOS (TDK),FERRITE CORE EQ N49 1PC,91,0,"1.86000","0","1","B66506","Active","EQ","-","-","Ungapped","-","-","N49","-","-","-","-","-","Uncoated","EQ 30 x 8","8.00mm","30.00mm","20.00mm","-"
https://product.tdk.com/info/en/documents/data_sheet/eq_30.pdf,-,495-75545-ND,B66506G0000X192,EPCOS (TDK),FERRITE CORE EQ N92 1PC,576,0,"1.88000","0","1","B66506","Active","EQ","-","-","Ungapped","-","-","N92","-","-","-","-","-","Uncoated","EQ 30 x 8","8.00mm","30.00mm","20.00mm","-"
https://product.tdk.com/info/en/documents/data_sheet/eq_30.pdf,-,495-75547-ND,B66506G0000X197,EPCOS (TDK),FERRITE CORE EQ N97 1PC,418,0,"1.88000","0","1","B66506","Active","EQ","-","-","Ungapped","-","-","N97","-","-","-","-","-","Uncoated","EQ 30 x 8","8.00mm","30.00mm","20.00mm","-"
https://product.tdk.com/info/en/documents/data_sheet/er_32_5_21.pdf,-,495-75542-ND,B66501G0000X192,EPCOS (TDK),FERRITE CORE ER N92 1PC,762,0,"1.90000","0","1","B66501","Active","ER","-","-","Ungapped","-","-","N92","-","-","-","-","-","Uncoated","ER 32 x 5 x 21","5.10mm","32.00mm","21.00mm","-"
https://product.tdk.com/info/en/documents/data_sheet/elp_38.pdf,-,495-75499-ND,B66459G0000X187,EPCOS (TDK),FERRITE CORE ELP N87 1PC,370,0,"2.03000","0","1","B66459","Active","ELP","-","-","Ungapped","-","-","N87","-","-","-","-","-","Uncoated","ELP 38 x 8 x 25","8.25mm","38.10mm","25.40mm","-"
https://product.tdk.com/info/en/documents/data_sheet/er_32_5_21.pdf,-,495-75543-ND,B66501G0000X197,EPCOS (TDK),FERRITE CORE ER N97 1PC,673,0,"2.10000","0","1","B66501","Active","ER","-","-","Ungapped","-","-","N97","-","-","-","-","-","Uncoated","ER 32 x 5 x 21","5.10mm","32.00mm","21.00mm","-"
https://product.tdk.com/info/en/documents/data_sheet/er_42_22_15.pdf,-,495-75487-ND,B66347G0000X187,EPCOS (TDK),FERRITE CORE ER N87 1PC,388,0,"2.21000","0","1","B66347","Active","ER","-","-","Ungapped","-","-","N87","-","-","-","-","-","Uncoated","ER 42 x 22 x 15","21.80mm","42.00mm","15.00mm","-"
https://product.tdk.com/info/en/documents/data_sheet/elp_38.pdf,-,495-75500-ND,B66459G0000X197,EPCOS (TDK),FERRITE CORE ELP N97 1PC,446,0,"2.58000","0","1","B66459","Active","ELP","-","-","Ungapped","-","-","N97","-","-","-","-","-","Uncoated","ELP 38 x 8 x 25","8.25mm","38.10mm","25.40mm","-"
https://product.tdk.com/info/en/documents/data_sheet/elp_64.pdf,//media.digikey.com/Photos/Epcos%20Photos/B66295GX187.jpg,495-75486-ND,B66295G0000X197,EPCOS (TDK),FERRITE CORE ELP N97 1PC,62,0,"11.63000","0","1","B66295","Active","ELP","-","-","Ungapped","-","-","N97","-","-","-","-","-","Uncoated","ELP 64 x 10 x50","10.20mm","64.00mm","50.80mm","-"
https://en.tdk.eu/inf/80/db/fer/e_16_8_5.pdf,//media.digikey.com/Photos/Epcos%20Photos/B66307GX187.JPG,495-5413-ND,B66307G0000X187,EPCOS (TDK),FERRITE CORE E N87 1PC,0,0,"0.38000","0","1","B66307","Active","E","-","-","Ungapped","-","-","N87","-","-","-","-","-","Uncoated","E 16 x 8 x 5","8.20mm","16.00mm","4.70mm","-"
//media.digikey.com/pdf/Data%20Sheets/TDK%20PDFs/B66281G_K_Series.pdf,//media.digikey.com/photos/Epcos%20Photos/B66281GX187.JPG,495-5386-ND,B66281G0000X187,EPCOS (TDK),FERRITE CORE ELP N87 1PC,0,0,"0.55000","0","1","B66281","Active","ELP","-","-","Ungapped","-","-","N87","-","-","-","-","-","Uncoated","ELP 14 x 3.5 x 5","3.50mm","14.00mm","5.00mm","-"
https://en.tdk.eu/inf/80/db/fer/er_11_5.pdf,//media.digikey.com/Photos/Epcos%20Photos/B65525JR87.JPG,495-5112-ND,B65525J0000R087,EPCOS (TDK),FERRITE CORE ER 1.2UH N87 2PCS,0,0,"0.65000","0","1","B65525","Active","ER","1.2µH","-20%, +30%","Ungapped","1050","2200","N87","1.1","14.1","12.4","-","174","Uncoated","ER 11 x 5","2.50mm","11.00mm","6.00mm","-"
https://product.tdk.com/info/en/documents/data_sheet/elp_18.pdf,//media.digikey.com/Photos/Epcos%20Photos/B66283GX187.JPG,495-5387-ND,B66283G0000X187,EPCOS (TDK),FERRITE CORE ELP N87 1PC,0,0,"0.65000","0","1","B66283","Active","ELP","-","-","Ungapped","-","-","N87","-","-","-","-","-","Uncoated","ELP 18 x 4 x 10","4.00mm","18.00mm","10.00mm","-"
https://product.tdk.com/info/en/documents/data_sheet/elp_32.pdf,//media.digikey.com/Photos/Epcos%20Photos/B66287GX187.jpg,495-5394-ND,B66287G0000X187,EPCOS (TDK),FERRITE CORE ELP N87 1PC,0,0,"1.34000","0","1","B66287","Active","ELP","-","-","Ungapped","-","-","N87","-","-","-","-","-","Uncoated","ELP 32 x 6 x 20","6.35mm","31.75mm","20.35mm","-"
https://product.tdk.com/info/en/documents/data_sheet/etd_39_20_13.pdf,//media.digikey.com/Photos/Epcos%20Photos/B66363-SERIES.jpg,495-5469-ND,B66363G0000X187,EPCOS (TDK),FERRITE CORE ETD N87 1PC,39,0,"1.45000","0","1","B66363","Active","ETD","-","-","Ungapped","-","-","N87","-","-","-","-","-","Uncoated","ETD 39 x 20 x 13","20.00mm","38.90mm","12.80mm","-"
https://en.tdk.eu/inf/80/db/fer/e_42_21_20.pdf,//media.digikey.com/Photos/Epcos%20Photos/B66329GX187.JPG,495-5439-ND,B66329G0000X187,EPCOS (TDK),FERRITE CORE E N87 1PC,4,0,"2.23000","0","1","B66329","Active","E","-","-","Ungapped","-","-","N87","-","-","-","-","-","Uncoated","E 42 x 21 x 20","21.20mm","42.00mm","20.00mm","-"
https://product.tdk.com/info/en/documents/data_sheet/etd_49_25_16.pdf,//media.digikey.com/Photos/Epcos%20Photos/B66367GX187.jpg,495-5487-ND,B66367G0000X187,EPCOS (TDK),FERRITE CORE ETD N87 1PC,1,0,"2.42000","0","1","B66367","Active","ETD","-","-","Ungapped","-","-","N87","-","-","-","-","-","Uncoated","ETD 49 x 25 x 16","24.90mm","48.50mm","16.70mm","-"
https://product.tdk.com/info/en/documents/data_sheet/elp_43.pdf,//media.digikey.com/Photos/Epcos%20Photos/B66291GX187.jpg,495-5400-ND,B66291G0000X187,EPCOS (TDK),FERRITE CORE ELP N87 1PC,0,0,"2.72000","0","1","B66291","Active","ELP","-","-","Ungapped","-","-","N87","-","-","-","-","-","Uncoated","ELP 43 x 10 x 28","9.50mm","43.20mm","27.90mm","-"
https://en.tdk.eu/inf/80/db/fer/e_80_38_20.pdf,//media.digikey.com/Photos/Epcos%20Photos/B66375GX187.JPG,495-5493-ND,B66375G0000X187,EPCOS (TDK),FERRITE CORE E N87 1PC,0,0,"6.50000","0","1","B66375","Active","E","-","-","Ungapped","-","-","N87","-","-","-","-","-","Uncoated","E 80 x 38 x 20","38.50mm","80.00mm","20.20mm","-"
https://en.tdk.eu/inf/80/db/fer/e_16_8_5.pdf,//media.digikey.com/photos/Epcos%20Photos/B66307GX130.JPG,495-5412-ND,B66307G0000X130,EPCOS (TDK),FERRITE CORE E N30 1PC,0,0,"0.42000","0","1","B66307","Active","E","-","-","Ungapped","-","-","N30","-","-","-","-","-","Uncoated","E 16 x 8 x 5","8.20mm","16.00mm","4.70mm","-"
https://en.tdk.eu/inf/80/db/fer/er_11_5.pdf,//media.digikey.com/Photos/Epcos%20Photos/B65525JY38.JPG,495-5113-ND,B65525J0000Y038,EPCOS (TDK),FERRITE CORE ER 6.4UH T38 2PCS,0,0,"0.97000","0","1","B65525","Active","ER","6.4µH","-30%, +40%","Ungapped","5600","10000","T38","1.1","14.1","12.4","-","174","Uncoated","ER 11 x 5","2.50mm","11.00mm","6.00mm","-"
https://product.tdk.com/info/en/documents/data_sheet/eq_25.pdf,//media.digikey.com/Photos/Epcos%20Photos/B66481GX197.jpg,495-5537-ND,B66481G0000X197,EPCOS (TDK),FERRITE CORE EQ N97 1PC,0,0,"1.41000","0","1","B66481","Active","EQ","-","-","Ungapped","-","-","N97","-","-","-","-","-","Uncoated","EQ 25 x 6","5.60mm","25.00mm","18.00mm","-"
https://product.tdk.com/info/en/documents/data_sheet/elp_38.pdf,//media.digikey.com/Photos/Epcos%20Photos/B66289GX187.JPG,495-5397-ND,B66289G0000X187,EPCOS (TDK),FERRITE CORE ELP N87 1PC,0,0,"2.56000","0","1","B66289","Active","ELP","-","-","Ungapped","-","-","N87","-","-","-","-","-","Uncoated","ELP 38 x 8 x 25","8.25mm","38.10mm","25.40mm","-"
https://product.tdk.com/info/en/documents/data_sheet/elp_43.pdf,//media.digikey.com/Photos/Epcos%20Photos/B66291GX149.jpg,495-5399-ND,B66291G0000X149,EPCOS (TDK),FERRITE CORE ELP N49 1PC,4,0,"3.46000","0","1","B66291","Active","ELP","-","-","Ungapped","-","-","N49","-","-","-","-","-","Uncoated","ELP 43 x 10 x 28","9.50mm","43.20mm","27.90mm","-"
https://product.tdk.com/info/en/documents/data_sheet/elp_58.pdf,//media.digikey.com/Photos/Epcos%20Photos/B66293GX187.JPG,495-5402-ND,B66293G0000X187,EPCOS (TDK),FERRITE CORE ELP N87 1PC,21,0,"6.53000","0","1","B66293","Active","ELP","-","-","Ungapped","-","-","N87","-","-","-","-","-","Uncoated","ELP 58 x 11 x 38","10.50mm","58.40mm","38.10mm","-"
https://product.tdk.com/info/en/documents/data_sheet/ep_7.pdf,-,495-76570-ND,B65839A0000R030,EPCOS (TDK),FERRITE CORE EP 2UH N30 2PCS,0,0,"0.72000","0","1","B65839","Active","EP","2µH","-20%, +30%","Ungapped","2430","4300","N30","1.52","15.7","10.3","8.5","162","Uncoated","EP 7","3.75mm","9.40mm","6.50mm","-"
https://product.tdk.com/info/en/documents/data_sheet/ep_10.pdf,-,495-76571-ND,B65841A0000R030,EPCOS (TDK),FERRITE CORE EP 2UH N30 2PCS,0,0,"0.73000","0","1","B65841","Active","EP","2µH","-20%, +30%","Ungapped","2700","4300","N30","1.7","19.2","11.3","8.5","217","Uncoated","EP 10","5.20mm","11.80mm","7.85mm","-"
https://product.tdk.com/info/en/documents/data_sheet/elp_18.pdf,-,495-75472-ND,B66283G0000X149,EPCOS (TDK),FERRITE CORE ELP N49 1PC,0,0,"0.73000","0","1","B66283","Active","ELP","-","-","Ungapped","-","-","N49","-","-","-","-","-","Uncoated","ELP 18 x 4 x 10","4.00mm","18.00mm","10.00mm","-"
https://product.tdk.com/info/en/documents/data_sheet/er_14_5_6.pdf,-,495-75466-ND,B65513J0000R087,EPCOS (TDK),FERRITE CORE ER 1.5UH N87 2PCS,0,0,"0.88000","0","1","B65513","Active","ER","1.5µH","-20%, +30%","Ungapped","1250","2200","N87","1.1","19","17.6","-","333","Uncoated","ER 14.5 x 6","2.95mm","14.50mm","6.70mm","-"
https://product.tdk.com/info/en/documents/data_sheet/er_14_5_6.pdf,-,495-75467-ND,B65513J0000R097,EPCOS (TDK),FERRITE CORE ER 1.5UH N97 2PCS,0,0,"1.17000","0","1","B65513","Active","ER","1.5µH","-20%, +30%","Ungapped","1290","2300","N97","1.1","19","17.6","-","333","Uncoated","ER 14.5 x 6","2.95mm","14.50mm","6.70mm","-"
https://product.tdk.com/info/en/documents/data_sheet/elp_22.pdf,-,495-75496-ND,B66455G0000X197,EPCOS (TDK),FERRITE CORE ELP N97 1PC,0,0,"1.26000","0","1","B66455","Active","ELP","-","-","Ungapped","-","-","N97","-","-","-","-","-","Uncoated","ELP 22 x 6 x 16","5.70mm","21.80mm","15.80mm","-"
https://product.tdk.com/info/en/documents/data_sheet/elp_32.pdf,-,495-75476-ND,B66287G0000X149,EPCOS (TDK),FERRITE CORE ELP N49 1PC,0,0,"1.64000","0","1","B66287","Active","ELP","-","-","Ungapped","-","-","N49","-","-","-","-","-","Uncoated","ELP 32 x 6 x 20","6.35mm","31.75mm","20.35mm","-"
https://product.tdk.com/info/en/documents/data_sheet/elp_43.pdf,-,495-75504-ND,B66461G0000X197,EPCOS (TDK),FERRITE CORE ELP N97 1PC,0,0,"3.59000","0","1","B66461","Active","ELP","-","-","Ungapped","-","-","N97","-","-","-","-","-","Uncoated","ELP 43 x 10 x 28","9.50mm","43.20mm","27.90mm","-"
https://en.tdk.eu/inf/80/db/fer/e_13_7_4.pdf,-,B66305G0000X130-ND,B66305G0000X130,EPCOS (TDK),FERRITE CORE E N30 1PC,0,0,"0.13635","0","3450","B66305","Active","E","-","-","Ungapped","-","-","N30","-","-","-","-","-","Uncoated","E 13 x 7 x 4","6.50mm","12.60mm","3.70mm","-"
https://en.tdk.eu/inf/80/db/fer/e_6_3.pdf,-,B66300G0000X187-ND,B66300G0000X187,EPCOS (TDK),FERRITE CORE E N87 1PC,0,0,"0.15730","0","7500","B66300","Active","E","-","-","Ungapped","-","-","N87","-","-","-","-","-","Uncoated","E 6 x 3","2.90mm","6.30mm","2.00mm","-"
https://en.tdk.eu/inf/80/db/fer/e_19_8_5.pdf,-,B66379G0000X187-ND,B66379G0000X187,EPCOS (TDK),FERRITE CORE E N87 1PC,0,0,"0.15860","0","7140","B66379","Active","E","-","-","Ungapped","-","-","N87","-","-","-","-","-","Uncoated","E 19 x 8 x 5","8.00mm","19.00mm","4.80mm","-"
https://en.tdk.eu/inf/80/db/fer/e_6_3.pdf,-,B66300G0000X130-ND,B66300G0000X130,EPCOS (TDK),FERRITE CORE E N30 1PC,0,0,"0.17160","0","7500","B66300","Active","E","-","-","Ungapped","-","-","N30","-","-","-","-","-","Uncoated","E 6 x 3","2.90mm","6.30mm","2.00mm","-"
https://en.tdk.eu/inf/80/db/fer/e_16_6_5.pdf,-,B66393G0000X187-ND,B66393G0000X187,EPCOS (TDK),FERRITE CORE E N87 1PC,0,0,"0.17680","0","6000","B66393","Active","E","-","-","Ungapped","-","-","N87","-","-","-","-","-","Uncoated","E 16 x 6 x 5","5.80mm","16.00mm","4.70mm","-"
https://en.tdk.eu/inf/80/db/fer/e_16_8_5.pdf,-,B66307F0000X146-ND,B66307F0000X146,EPCOS (TDK),FERRITE CORE E T46 1PC,0,0,"0.18620","0","2000","B66307","Active","E","-","-","Ungapped","-","-","T46","-","-","-","-","-","Uncoated","E 16 x 8 x 5","8.20mm","16.00mm","4.70mm","-"
https://en.tdk.eu/inf/80/db/fer/e_13_7_4.pdf,-,B66305F0000X146-ND,B66305F0000X146,EPCOS (TDK),FERRITE CORE E T46 1PC,0,0,"0.19305","0","3450","B66305","Active","E","-","-","Ungapped","-","-","T46","-","-","-","-","-","Uncoated","E 13 x 7 x 4","6.50mm","12.60mm","3.70mm","-"
https://en.tdk.eu/inf/80/db/fer/e_19_8_5.pdf,-,B66379G0000X130-ND,B66379G0000X130,EPCOS (TDK),FERRITE CORE E N30 1PC,0,0,"0.19460","0","1785","B66379","Active","E","-","-","Ungapped","-","-","N30","-","-","-","-","-","Uncoated","E 19 x 8 x 5","8.00mm","19.00mm","4.80mm","-"
https://en.tdk.eu/inf/80/db/fer/e_10_5_5_5.pdf,-,B66322G0000X187-ND,B66322G0000X187,EPCOS (TDK),FERRITE CORE E N87 1PC,0,0,"0.20410","0","4000","B66322","Active","E","-","-","Ungapped","-","-","N87","-","-","-","-","-","Uncoated","E 10 x 5.5 x 5","5.50mm","10.20mm","4.80mm","-"
//media.digikey.com/pdf/Data%20Sheets/Epcos%20PDFs/B66281G_P.pdf,-,B66281P0000X187-ND,B66281P0000X187,EPCOS (TDK),FERRITE CORE,0,0,"0.22545","0","2400","-","Active","ELP","-","±25%","Ungapped","1140","-","N87","-","16.7","14.5","13.9","242","Uncoated","-","1.5mm","14mm","5mm","-"
https://product.tdk.com/info/en/documents/data_sheet/ev_15_9_7.pdf,-,B66434G0000X187-ND,B66434G0000X187,EPCOS (TDK),FERRITE CORE EV N87 1PC,0,0,"0.23220","0","1280","B66434","Active","EV","-","-","Ungapped","-","-","N87","-","-","-","-","-","Uncoated","EV 15 x 9 x 7","9.00mm","14.80mm","7.00mm","-"
https://en.tdk.eu/inf/80/db/fer/e_21_9_5.pdf,-,B66314G0000X130-ND,B66314G0000X130,EPCOS (TDK),FERRITE CORE E N30 1PC,0,0,"0.24570","0","1785","B66314","Active","E","-","-","Ungapped","-","-","N30","-","-","-","-","-","Uncoated","E 21 x 9 x 5","8.70mm","21.10mm","5.00mm","-"
https://en.tdk.eu/inf/80/db/fer/e_25_4_10_7.pdf,-,B66315G0000X187-ND,B66315G0000X187,EPCOS (TDK),FERRITE CORE E N87 1PC,0,0,"0.26080","0","990","B66315","Active","E","-","-","Ungapped","-","-","N87","-","-","-","-","-","Uncoated","E 25.4 x 10 x 7","9.78mm","25.40mm","6.50mm","-"
https://en.tdk.eu/inf/80/db/fer/e_19_8_5.pdf,-,B66379F0000X146-ND,B66379F0000X146,EPCOS (TDK),FERRITE CORE E T46 1PC,0,0,"0.26595","0","1785","B66379","Active","E","-","-","Ungapped","-","-","T46","-","-","-","-","-","Uncoated","E 19 x 8 x 5","8.00mm","19.00mm","4.80mm","-"
https://en.tdk.eu/inf/80/db/fer/e_5.pdf,-,B66303G0000X138-ND,B66303G0000X138,EPCOS (TDK),FERRITE CORE E T38 1PC,0,0,"0.27000","0","7500","B66303","Active","E","-","-","Ungapped","-","-","T38","-","-","-","-","-","Uncoated","E5","2.65mm","5.25mm","2.00mm","-"
//media.digikey.com/pdf/Data%20Sheets/TDK%20PDFs/B66281G_K_Series.pdf,-,B66281G0000X192-ND,B66281G0000X192,EPCOS (TDK),FERRITE CORE ELP N92 1PC,0,0,"0.27430","0","2400","B66281","Active","ELP","-","-","Ungapped","-","-","N92","-","-","-","-","-","Uncoated","ELP 14 x 3.5 x 5","3.50mm","14.00mm","5.00mm","-"
//media.digikey.com/pdf/Data%20Sheets/TDK%20PDFs/B66281G_K_Series.pdf,-,B66281G0000X195-ND,B66281G0000X195,EPCOS (TDK),FERRITE CORE ELP N95 1PC,0,0,"0.27430","0","2400","B66281","Active","ELP","-","-","Ungapped","-","-","N95","-","-","-","-","-","Uncoated","ELP 14 x 3.5 x 5","3.50mm","14.00mm","5.00mm","-"
//media.digikey.com/pdf/Data%20Sheets/TDK%20PDFs/B66281G_K_Series.pdf,-,B66281G0000X197-ND,B66281G0000X197,EPCOS (TDK),FERRITE CORE ELP N97 1PC,0,0,"0.27430","0","2400","B66281","Active","ELP","-","-","Ungapped","-","-","N97","-","-","-","-","-","Uncoated","ELP 14 x 3.5 x 5","3.50mm","14.00mm","5.00mm","-"
//media.digikey.com/pdf/Data%20Sheets/Epcos%20PDFs/B66281G_P.pdf,-,B66281P0000X149-ND,B66281P0000X149,EPCOS (TDK),FERRITE CORE,0,0,"0.27430","0","2400","-","Active","ELP","-","±25%","Ungapped","820","-","N49","-","16.7","14.5","13.9","242","Uncoated","-","1.5mm","14mm","5mm","-"
//media.digikey.com/pdf/Data%20Sheets/Epcos%20PDFs/B66281G_P.pdf,-,B66281P0000X192-ND,B66281P0000X192,EPCOS (TDK),FERRITE CORE,0,0,"0.27430","0","2400","-","Active","ELP","-","±25%","Ungapped","820","-","N92","-","16.7","14.5","13.9","242","Uncoated","-","1.5mm","14mm","5mm","-"
//media.digikey.com/pdf/Data%20Sheets/Epcos%20PDFs/B66281G_P.pdf,-,B66281P0000X197-ND,B66281P0000X197,EPCOS (TDK),FERRITE CORE,0,0,"0.27430","0","2400","-","Active","ELP","-","±25%","Ungapped","1190","-","N97","-","16.7","14.5","13.9","242","Uncoated","-","1.5mm","14mm","5mm","-"
https://product.tdk.com/info/en/documents/data_sheet/ev_15_9_7.pdf,-,B66434G0000X197-ND,B66434G0000X197,EPCOS (TDK),FERRITE CORE EV N97 1PC,0,0,"0.28210","0","1280","B66434","Active","EV","-","-","Ungapped","-","-","N97","-","-","-","-","-","Uncoated","EV 15 x 9 x 7","9.00mm","14.80mm","7.00mm","-"
https://product.tdk.com/info/en/documents/data_sheet/ep_7.pdf,-,B65839A0000R065-ND,B65839A0000R065,EPCOS (TDK),FERRITE CORE EP 3UH T65 2PCS,0,0,"0.28730","0","2000","B65839","Active","EP","3µH","-20%, +30%","Ungapped","3640","5200","T65","1.52","15.7","10.3","8.5","162","Uncoated","EP 7","3.75mm","9.40mm","6.50mm","-"
https://en.tdk.eu/inf/80/db/fer/e_25_4_10_7.pdf,-,B66315G0000X130-ND,B66315G0000X130,EPCOS (TDK),FERRITE CORE E N30 1PC,0,0,"0.28800","0","990","B66315","Active","E","-","-","Ungapped","-","-","N30","-","-","-","-","-","Uncoated","E 25.4 x 10 x 7","9.78mm","25.40mm","6.50mm","-"
https://en.tdk.eu/inf/80/db/fer/ep_5.pdf,-,B65855A0000R087-ND,B65855A0000R087,EPCOS (TDK),FERRITE CORE EP 430NH N87 2PCS,0,0,"0.28860","0","2000","B65855A","Active","EP","430nH","-20%, +30%","Ungapped","1100","2200","N87","3.14","9.73","3.09","2.3","30","Uncoated","EP 5","2.85mm","6.15mm","3.90mm","-"
https://product.tdk.com/info/en/documents/data_sheet/ep_10.pdf,-,B65841A0000R065-ND,B65841A0000R065,EPCOS (TDK),FERRITE CORE EP 2.9UH T65 2PCS,0,0,"0.28990","0","1000","B65841","Active","EP","2.9µH","-20%, +30%","Ungapped","3920","5200","T65","1.7","19.2","11.3","8.5","217","Uncoated","EP 10","5.20mm","11.80mm","7.85mm","-"
https://en.tdk.eu/inf/80/db/fer/e_8_8.pdf,-,B66302G0000X130-ND,B66302G0000X130,EPCOS (TDK),FERRITE CORE E N30 1PC,0,0,"0.29500","0","5000","B66302","Active","E","-","-","Ungapped","-","-","N30","-","-","-","-","-","Uncoated","E 8 x 8","4.10mm","9.00mm","2.00mm","-"
https://en.tdk.eu/inf/80/db/fer/e_25_13_7.pdf,-,B66317G0000X130-ND,B66317G0000X130,EPCOS (TDK),FERRITE CORE E N30 1PC,0,0,"0.31520","0","900","B66317","Active","E","-","-","Ungapped","-","-","N30","-","-","-","-","-","Uncoated","E 25 x 13 x 7","12.80mm","25.00mm","7.50mm","-"
https://product.tdk.com/info/en/documents/data_sheet/ep_6.pdf,-,B65855B0000R057-ND,B65855B0000R057,EPCOS (TDK),FERRITE CORE EP 900NH T57 2PCS,0,0,"0.32750","0","13500","B65855B","Active","EP","900nH","-20%, +30%","Ungapped","2400","4000","T57","3.35","10.28","3.06","2.3","31","Uncoated","EP 6","3.05mm","6.15mm","3.90mm","-"
https://product.tdk.com/info/en/documents/data_sheet/ep_7.pdf,-,B65839A0000R057-ND,B65839A0000R057,EPCOS (TDK),FERRITE CORE EP 1.5UH T57 2PCS,0,0,"0.33410","0","2000","B65839","Active","EP","1.5µH","-20%, +30%","Ungapped","1820","4000","T57","1.52","15.7","10.3","8.5","162","Uncoated","EP 7","3.75mm","9.40mm","6.50mm","-"
https://product.tdk.com/info/en/documents/data_sheet/epx_7_9.pdf,-,B65857A0000R057-ND,B65857A0000R057,EPCOS (TDK),FERRITE CORE EPX 2.6UH T57 2PCS,0,0,"0.34438","0","1500","B65857A","Active","EPX","2.6µH","-20%, +30%","Ungapped","1890","4000","T57","0.91","15.7","17.2","13.9","270","Uncoated","EPX 7 x 9","3.75mm","9.40mm","9.00mm","-"
https://product.tdk.com/info/en/documents/data_sheet/epx_9_9.pdf,-,B65857C0000R057-ND,B65857C0000R057,EPCOS (TDK),FERRITE CORE EPX 2.4UH T57 2PCS,0,0,"0.34438","0","1500","B65857C","Active","EPX","2.4µH","-20%, +30%","Ungapped","2070","4000","T57","1.09","19","17.5","13.9","333","Uncoated","EPX 9 x 9","4.75mm","9.40mm","9.00mm","-"
https://en.tdk.eu/inf/80/db/fer/er_11_5.pdf,-,B65525J0000R092-ND,B65525J0000R092,EPCOS (TDK),FERRITE CORE ER 900NH N92 2PCS,0,0,"0.35466","0","1000","B65525","Active","ER","900nH","-20%, +30%","Ungapped","814","1500","N92","1.1","14.1","12.4","-","174","Uncoated","ER 11 x 5","2.50mm","11.00mm","6.00mm","-"
https://product.tdk.com/info/en/documents/data_sheet/ep_13.pdf,-,B65843A0000R057-ND,B65843A0000R057,EPCOS (TDK),FERRITE CORE EP 2.5UH T57 2PCS,0,0,"0.35980","0","500","B65843A","Active","EP","2.5µH","-20%, +30%","Ungapped","2470","4000","T57","1.24","24.2","19.5","14.9","472","Uncoated","EP 13","6.50mm","12.80mm","9.00mm","-"
https://product.tdk.com/info/en/documents/data_sheet/ep_13.pdf,-,B65843A0000R065-ND,B65843A0000R065,EPCOS (TDK),FERRITE CORE EP 4UH T65 2PCS,0,0,"0.36000","0","500","B65843A","Active","EP","4µH","-20%, +30%","Ungapped","3950","5200","T65","1.24","24.2","19.5","14.9","472","Uncoated","EP 13","6.50mm","12.80mm","9.00mm","-"
https://product.tdk.com/info/en/documents/data_sheet/ep_7.pdf,-,B65839A0000R045-ND,B65839A0000R045,EPCOS (TDK),FERRITE CORE EP 1.5UH N45 2PCS,0,0,"0.36109","0","2000","B65839","Active","EP","1.5µH","-20%, +30%","Ungapped","1820","3800","N45","1.52","15.7","10.3","8.5","162","Uncoated","EP 7","3.75mm","9.40mm","6.50mm","-"
https://en.tdk.eu/inf/80/db/fer/e_8_8.pdf,-,B66302G0000X138-ND,B66302G0000X138,EPCOS (TDK),FERRITE CORE E T38 1PC,0,0,"0.36625","0","5000","B66302","Active","E","-","-","Ungapped","-","-","T38","-","-","-","-","-","Uncoated","E 8 x 8","4.10mm","9.00mm","2.00mm","-"
https://product.tdk.com/info/en/documents/data_sheet/epx_7_9.pdf,-,B65857A0000R045-ND,B65857A0000R045,EPCOS (TDK),FERRITE CORE EPX 2.5UH N45 2PCS,0,0,"0.37008","0","1500","B65857A","Active","EPX","2.5µH","-20%, +30%","Ungapped","1820","3800","N45","0.91","15.7","17.2","13.9","270","Uncoated","EPX 7 x 9","3.75mm","9.40mm","9.00mm","-"
https://en.tdk.eu/inf/80/db/fer/er_9_5_5.pdf,-,B65523J0000Y038-ND,B65523J0000Y038,EPCOS (TDK),FERRITE CORE ER 4.5UH T38 2PCS,0,0,"0.37265","0","2000","B65523","Active","ER","4.5µH","-30%, +40%","Ungapped","5680","10000","T38","1.54","13.6","8.81","-","120","Uncoated","ER 9.5 x 5","2.50mm","9.50mm","5.00mm","-"
https://product.tdk.com/info/en/documents/data_sheet/ep_10.pdf,-,B65841A0000R045-ND,B65841A0000R045,EPCOS (TDK),FERRITE CORE EP 1.6UH N45 2PCS,0,0,"0.38807","0","1000","B65841","Active","EP","1.6µH","-20%, +30%","Ungapped","2160","3800","N45","1.7","19.2","11.3","8.5","217","Uncoated","EP 10","5.20mm","11.80mm","7.85mm","-"
https://en.tdk.eu/inf/80/db/fer/er_11_5.pdf,-,B65525J0000R049-ND,B65525J0000R049,EPCOS (TDK),FERRITE CORE ER 800NH N49 2PCS,0,0,"0.39450","0","2000","B65525","Active","ER","800nH","-20%, +30%","Ungapped","715","-","N49","1.1","14.1","12.4","-","174","Uncoated","ER 11 x 5","2.50mm","11.00mm","6.00mm","-"
https://product.tdk.com/info/en/documents/data_sheet/epx_9_9.pdf,-,B65857C0000R045-ND,B65857C0000R045,EPCOS (TDK),FERRITE CORE EPX 2.4UH N45 2PCS,0,0,"0.40320","0","500","B65857C","Active","EPX","2.4µH","-20%, +30%","Ungapped","2070","3800","N45","1.09","19","17.5","13.9","333","Uncoated","EPX 9 x 9","4.75mm","9.40mm","9.00mm","-"
https://product.tdk.com/info/en/documents/data_sheet/ep_13.pdf,-,B65843A0000R045-ND,B65843A0000R045,EPCOS (TDK),FERRITE CORE EP 2.4UH N45 2PCS,0,0,"0.40600","0","500","B65843A","Active","EP","2.4µH","-20%, +30%","Ungapped","2370","3800","N45","1.24","24.2","19.5","14.9","472","Uncoated","EP 13","6.50mm","12.80mm","9.00mm","-"
https://product.tdk.com/info/en/documents/data_sheet/epx_10.pdf,-,B65859A0000R057-ND,B65859A0000R057,EPCOS (TDK),FERRITE CORE EPX 2UH T57 2PCS,0,0,"0.43819","0","1000","B65859","Active","EPX","2µH","-20%, +30%","Ungapped","2170","4000","T57","1.37","21.7","15.9","13.2","345","Uncoated","EPX 10","5.20mm","11.80mm","7.85mm","-"
https://product.tdk.com/info/en/documents/data_sheet/ep_6.pdf,-,B65855B0000Y038-ND,B65855B0000Y038,EPCOS (TDK),FERRITE CORE EP 1.9UH T38 2PCS,0,0,"0.45250","0","14000","B65855B","Active","EP","1.9µH","-30%, +40%","Ungapped","5100","2300","T38","3.35","10.28","3.06","2.3","31","Uncoated","EP 6","3.05mm","6.15mm","3.90mm","-"
https://product.tdk.com/info/en/documents/data_sheet/ep_7.pdf,-,B65839A0000Y066-ND,B65839A0000Y066,EPCOS (TDK),FERRITE CORE EP 5.8UH T66 2PCS,0,0,"0.46132","0","2000","B65839","Active","EP","5.8µH","-30%, +40%","Ungapped","7040","13000","T66","1.52","15.7","10.3","8.5","162","Uncoated","EP 7","3.75mm","9.40mm","6.50mm","-"
https://en.tdk.eu/inf/80/db/fer/ep_5.pdf,-,B65855A0000Y038-ND,B65855A0000Y038,EPCOS (TDK),FERRITE CORE EP 2UH T38 2PCS,0,0,"0.46517","0","2000","B65855A","Active","EP","2µH","-30%, +40%","Ungapped","5000","2300","T38","3.14","9.73","3.09","2.3","30","Uncoated","EP 5","2.85mm","6.15mm","3.90mm","-"
https://product.tdk.com/info/en/documents/data_sheet/epx_7_9.pdf,-,B65857A0000Y038-ND,B65857A0000Y038,EPCOS (TDK),FERRITE CORE EPX 9UH T38 2PCS,0,0,"0.47802","0","1500","B65857A","Active","EPX","9µH","-30%, +40%","Ungapped","6540","2300","T38","0.91","15.7","17.2","13.9","270","Uncoated","EPX 7 x 9","3.75mm","9.40mm","9.00mm","-"
https://product.tdk.com/info/en/documents/data_sheet/epx_7_9.pdf,-,B65857A0000Y066-ND,B65857A0000Y066,EPCOS (TDK),FERRITE CORE EPX 10.5UH T66 2PCS,0,0,"0.47802","0","1500","B65857A","Active","EPX","10.5µH","-30%, +40%","Ungapped","7630","13000","T66","0.91","15.7","17.2","13.9","270","Uncoated","EPX 7 x 9","3.75mm","9.40mm","9.00mm","-"
https://product.tdk.com/info/en/documents/data_sheet/epx_9_9.pdf,-,B65857C0000Y038-ND,B65857C0000Y038,EPCOS (TDK),FERRITE CORE EPX 8UH T38 2PCS,0,0,"0.47802","0","1000","B65857C","Active","EPX","8µH","-30%, +40%","Ungapped","6910","2300","T38","1.09","19","17.5","13.9","333","Uncoated","EPX 9 x 9","4.75mm","9.40mm","9.00mm","-"
https://en.tdk.eu/inf/80/db/fer/e_32_16_9.pdf,-,B66229G0000X130-ND,B66229G0000X130,EPCOS (TDK),FERRITE CORE E N30 1PC,0,0,"0.49800","0","480","B66229","Active","E","-","-","Ungapped","-","-","N30","-","-","-","-","-","Uncoated","E 32 x 16 x 9","16.40mm","32.00mm","9.50mm","-"
https://product.tdk.com/info/en/documents/data_sheet/ev_25_13_13.pdf,-,B66408G0000X187-ND,B66408G0000X187,EPCOS (TDK),FERRITE CORE EV N87 1PC,0,0,"0.52051","0","432","B66408","Active","EV","-","-","Ungapped","-","-","N87","-","-","-","-","-","Uncoated","EV 25 x 13 x 13","12.80mm","25.00mm","12.70mm","-"
https://product.tdk.com/info/en/documents/data_sheet/er_14_5_6.pdf,-,B65513J0000R092-ND,B65513J0000R092,EPCOS (TDK),FERRITE CORE ER 1.1UH N92 2PCS,0,0,"0.52080","0","920","B65513","Active","ER","1.1µH","-20%, +30%","Ungapped","970","1500","N92","1.1","19","17.6","-","333","Uncoated","ER 14.5 x 6","2.95mm","14.50mm","6.70mm","-"
https://product.tdk.com/info/en/documents/data_sheet/ep_10.pdf,-,B65841A0000Y066-ND,B65841A0000Y066,EPCOS (TDK),FERRITE CORE EP 6UH T66 2PCS,0,0,"0.52557","0","1000","B65841","Active","EP","6µH","-30%, +40%","Ungapped","8100","13000","T66","1.7","19.2","11.3","8.5","217","Uncoated","EP 10","5.20mm","11.80mm","7.85mm","-"
https://product.tdk.com/info/en/documents/data_sheet/epo_13.pdf,-,B65843P0000Y038-ND,B65843P0000Y038,EPCOS (TDK),FERRITE CORE EPO 6.6UH T38 2PCS,0,0,"0.54484","0","1000","B65843P","Active","EPO","6.6µH","-30%, +40%","Ungapped","7020","2300","T38","1.34","25.8","19.3","14.9","498","Uncoated","EPO 13","6.50mm","12.80mm","7.40mm","-"
https://en.tdk.eu/inf/80/db/fer/e_34_14_9.pdf,-,B66370G0000X187-ND,B66370G0000X187,EPCOS (TDK),FERRITE CORE E N87 1PC,0,0,"0.55720","0","960","B66370","Active","E","-","-","Ungapped","-","-","N87","-","-","-","-","-","Uncoated","E 34 x 14 x 9","14.65mm","34.60mm","9.70mm","-"
https://product.tdk.com/info/en/documents/data_sheet/etd_34_17_11.pdf,-,B66361G0000X195-ND,B66361G0000X195,EPCOS (TDK),FERRITE CORES,0,0,"0.57400","0","600","*","Active","ETD","-","-20%, +30%","Ungapped","2170","-","N95","0.81","78.6","97.1","91.6","7630","Uncoated","ETD 34/17/11","17.50mm","34.00mm","11.10mm","-"
https://product.tdk.com/info/en/documents/data_sheet/ev_30_16_13.pdf,-,B66432G0000X187-ND,B66432G0000X187,EPCOS (TDK),FERRITE CORE EV N87 1PC,0,0,"0.58467","0","1350","B66432","Active","EV","-","-","Ungapped","-","-","N87","-","-","-","-","-","Uncoated","EV 30 x 16 x 13","16.40mm","29.70mm","12.50mm","-"
https://product.tdk.com/info/en/documents/data_sheet/ep_13.pdf,-,B65843A0000Y066-ND,B65843A0000Y066,EPCOS (TDK),FERRITE CORE EP 8.5UH T66 2PCS,0,0,"0.59360","0","500","B65843A","Active","EP","8.5µH","-30%, +40%","Ungapped","8400","13000","T66","1.24","24.2","19.5","14.9","472","Uncoated","EP 13","6.50mm","12.80mm","9.00mm","-"
https://product.tdk.com/info/en/documents/data_sheet/epx_10.pdf,-,B65859A0000Y038-ND,B65859A0000Y038,EPCOS (TDK),FERRITE CORE EPX 6.1UH T38 2PCS,0,0,"0.60781","0","1000","B65859","Active","EPX","6.1µH","-30%, +40%","Ungapped","6630","2300","T38","1.37","21.7","15.9","13.2","345","Uncoated","EPX 10","5.20mm","11.80mm","7.85mm","-"
https://product.tdk.com/info/en/documents/data_sheet/etd_34_17_11.pdf,-,B66361G0000X197-ND,B66361G0000X197,EPCOS (TDK),FERRITE CORES,0,0,"0.63000","0","600","*","Active","ETD","-","-20%, +30%","Ungapped","1710","-","N97","0.81","78.6","97.1","91.6","7630","Uncoated","ETD 34/17/11","17.50mm","34.00mm","11.10mm","-"
-,-,B66432G0000X195-ND,B66432G0000X195,EPCOS (TDK),FERRITE CORES,0,0,"0.69300","0","900","*","Active","EV","-","-20%, +30%","Ungapped","2104","-","N95","0.76","74.8","99","95","7410","Uncoated","EV 30/16/13","16.40mm","29.70mm","12.50mm","-"
https://product.tdk.com/info/en/documents/data_sheet/ep_17.pdf,-,B65845J0000R087-ND,B65845J0000R087,EPCOS (TDK),FERRITE CORE EP 2.4UH N87 2PCS,0,0,"0.78720","0","200","B65845","Active","EP","2.4µH","-20%, +30%","Ungapped","1600","2200","N87","0.84","28.5","33.9","25.5","966","Uncoated","EP 17","8.50mm","18.40mm","11.25mm","-"
https://product.tdk.com/info/en/documents/data_sheet/ep_17.pdf,-,B65845J0000R030-ND,B65845J0000R030,EPCOS (TDK),FERRITE CORE EP 4.3UH N30 2PCS,0,0,"0.89590","0","200","B65845","Active","EP","4.3µH","-20%, +30%","Ungapped","2870","4300","N30","0.84","28.5","33.9","25.5","966","Uncoated","EP 17","8.50mm","18.40mm","11.25mm","-"
https://product.tdk.com/info/en/documents/data_sheet/eq_30.pdf,-,495-75546-ND,B66506G0000X195,EPCOS (TDK),FERRITE CORE EQ N95 1PC,0,0,"0.90450","0","864","B66506","Active","EQ","-","-","Ungapped","-","-","N95","-","-","-","-","-","Uncoated","EQ 30 x 8","8.00mm","30.00mm","20.00mm","-"
https://en.tdk.eu/inf/80/db/fer/e_42_21_15.pdf,-,B66325G0000X130-ND,B66325G0000X130,EPCOS (TDK),FERRITE CORE E N30 1PC,0,0,"0.93285","0","624","B66325","Active","E","-","-","Ungapped","-","-","N30","-","-","-","-","-","Uncoated","E 42 x 21 x 15","21.20mm","42.00mm","15.20mm","-"
https://en.tdk.eu/inf/80/db/fer/e_40_16_12.pdf,-,B66381G0000X187-ND,B66381G0000X187,EPCOS (TDK),FERRITE CORE E N87 1PC,0,0,"0.93671","0","416","B66381","Active","E","-","-","Ungapped","-","-","N87","-","-","-","-","-","Uncoated","E 40 x 16 x 12","16.50mm","40.60mm","12.50mm","-"
https://product.tdk.com/info/en/documents/data_sheet/er_35_20_11.pdf,-,B66350G0000X187-ND,B66350G0000X187,EPCOS (TDK),FERRITE CORE ER N87 1PC,0,0,"1.06000","0","1","*","Active","ER","-","-20%, +30%","Ungapped","1735","-","N87","0.81","89.6","111","101","9950","Uncoated","ER 35 x 20 x 11","20.70mm","35.00mm","11.30mm","-"
https://en.tdk.eu/inf/80/db/fer/e_42_21_15.pdf,-,B66325G0000X197-ND,B66325G0000X197,EPCOS (TDK),FERRITE CORE E N97 1PC,0,0,"1.22959","0","416","B66325","Active","E","-","-","Ungapped","-","-","N97","-","-","-","-","-","Uncoated","E 42 x 21 x 15","21.20mm","42.00mm","15.20mm","-"
https://en.tdk.eu/inf/80/db/fer/e_42_21_15.pdf,-,B66325G0000X195-ND,B66325G0000X195,EPCOS (TDK),FERRITE CORE E N95 1PC,0,0,"1.62750","0","208","B66325","Active","E","-","-","Ungapped","-","-","N95","-","-","-","-","-","Uncoated","E 42 x 21 x 15","21.20mm","42.00mm","15.20mm","-"
https://product.tdk.com/info/en/documents/data_sheet/ep_17.pdf,-,B65845J0000Y038-ND,B65845J0000Y038,EPCOS (TDK),FERRITE CORE EP 10.8UH T38 2PCS,0,0,"1.64550","0","200","B65845","Active","EP","10.8µH","-30%, +40%","Ungapped","7220","10000","T38","0.84","28.5","33.9","25.5","966","Uncoated","EP 17","8.50mm","18.40mm","11.25mm","-"
https://product.tdk.com/info/en/documents/data_sheet/ep_17.pdf,-,B65845J0000Y066-ND,B65845J0000Y066,EPCOS (TDK),FERRITE CORE EP 13UH T66 2PCS,0,0,"1.64550","0","200","B65845","Active","EP","13µH","-30%, +40%","Ungapped","8700","13000","T66","0.84","28.5","33.9","25.5","966","Uncoated","EP 17","8.50mm","18.40mm","11.25mm","-"
https://en.tdk.eu/inf/80/db/fer/e_42_21_20.pdf,-,B66329G0000X197-ND,B66329G0000X197,EPCOS (TDK),FERRITE CORE E N97 1PC,0,0,"1.64850","0","120","B66329","Active","E","-","-","Ungapped","-","-","N97","-","-","-","-","-","Uncoated","E 42 x 21 x 20","21.20mm","42.00mm","20.00mm","-"
https://en.tdk.eu/inf/80/db/fer/e_47_20_16.pdf,-,B66383G0000X187-ND,B66383G0000X187,EPCOS (TDK),FERRITE CORE E N87 1PC,0,0,"1.65340","0","300","B66383","Active","E","-","-","Ungapped","-","-","N87","-","-","-","-","-","Uncoated","E 47 x 20 x 16","19.60mm","46.90mm","15.60mm","-"
https://product.tdk.com/info/en/documents/data_sheet/etd_44_22_15.pdf,-,B66365G0000X195-ND,B66365G0000X195,EPCOS (TDK),FERRITE CORE ETD N95 1PC,0,0,"1.77521","0","288","B66365","Active","ETD","-","-","Ungapped","-","-","N95","-","-","-","-","-","Uncoated","ETD 44 x 22 x 15","22.50mm","43.80mm","15.20mm","-"
https://product.tdk.com/info/en/documents/data_sheet/ep_20.pdf,-,B65847A0000Y038-ND,B65847A0000Y038,EPCOS (TDK),FERRITE CORE EP 18.7UH T38 2PCS,0,0,"1.80600","0","200","B65847","Active","EP","18.7µH","-30%, +40%","Ungapped","7630","2300","T38","0.51","40","78","60","3120","Uncoated","EP 20","10.80mm","24.50mm","15.30mm","-"
https://en.tdk.eu/inf/80/db/fer/e_42_21_20.pdf,-,B66329G0000X195-ND,B66329G0000X195,EPCOS (TDK),FERRITE CORE E N95 1PC,0,0,"2.10300","0","120","B66329","Active","E","-","-","Ungapped","-","-","N95","-","-","-","-","-","Uncoated","E 42 x 21 x 20","21.20mm","42.00mm","20.00mm","-"
https://product.tdk.com/info/en/documents/data_sheet/etd_49_25_16.pdf,-,B66367G0000X197-ND,B66367G0000X197,EPCOS (TDK),FERRITE CORE ETD N97 1PC,0,0,"2.61725","0","120","B66367","Active","ETD","-","-","Ungapped","-","-","N97","-","-","-","-","-","Uncoated","ETD 49 x 25 x 16","24.90mm","48.50mm","16.70mm","-"
https://en.tdk.eu/inf/80/db/fer/e_56_24_19.pdf,-,B66385G0000X187-ND,B66385G0000X187,EPCOS (TDK),FERRITE CORE E N87 1PC,0,0,"2.82023","0","216","B66385","Active","E","-","-","Ungapped","-","-","N87","-","-","-","-","-","Uncoated","E 56 x 24 x 19","23.60mm","56.10mm","18.80mm","-"
https://en.tdk.eu/inf/80/db/fer/e_55_28_21.pdf,-,B66335G0000X197-ND,B66335G0000X197,EPCOS (TDK),FERRITE CORE E N97 1PC,0,0,"3.31176","0","108","B66335","Active","E","-","-","Ungapped","-","-","N97","-","-","-","-","-","Uncoated","E 55 x 28 x 21","27.80mm","55.00mm","21.00mm","-"
-,-,B66894G0000X187-ND,B66894G0000X187,EPCOS (TDK),FERRITE CORES,0,0,"19.36000","0","16","*","Active","E","-","-20%, +30%","Ungapped","1930","-","N87","0.373","274","735","690","201390","Uncoated","E 100/60/28","59.40mm","100.30mm","27.50mm","-"
-,-,B66894G0000X197-ND,B66894G0000X197,EPCOS (TDK),FERRITE CORES,0,0,"20.58000","0","16","*","Active","E","-","-20%, +30%","Ungapped","2020","-","N95","0.373","274","735","690","201390","Uncoated","E 100/60/28","59.40mm","100.30mm","27.50mm","-"
-,-,B66894G0000X195-ND,B66894G0000X195,EPCOS (TDK),FERRITE CORES,0,0,"22.60000","0","16","*","Active","E","-","-20%, +30%","Ungapped","2520","-","N97","0.373","274","735","690","201390","Uncoated","E 100/60/28","59.40mm","100.30mm","27.50mm","-"
https://en.tdk.eu/inf/80/db/fer/e_40_16_12.pdf,-,B66381GX172-ND,B66381GX172,EPCOS (TDK),FERRITE CORE E N72 1PC,0,0,"Active","0","0","B66381","Active","E","-","-","Ungapped","-","-","N72","-","-","-","-","-","Uncoated","E 40 x 16 x 12","16.50mm","40.60mm","12.50mm","-"
https://product.tdk.com/info/en/documents/data_sheet/eq_13.pdf,-,495-75505-ND,B66479G0000X187,EPCOS (TDK),FERRITE CORE EQ N87 1PC,0,0,"Obsolete","0","2000","B66479","Obsolete","EQ","-","-","Ungapped","-","-","N87","-","-","-","-","-","Uncoated","EQ 13 x 3","2.85mm","12.80mm","8.70mm","-"
